<?xml version="1.0" encoding="UTF-8"?>
<configuration>
	<include
		resource="org/springframework/boot/logging/logback/defaults.xml" />
	<property name="SERVICE_NAME" value="code-translation-service"></property>
	<property name="LOGS" value="./logs" />
	<appender name="CONSOLE"
		class="ch.qos.logback.core.ConsoleAppender">
		<layout class="ch.qos.logback.classic.PatternLayout">
			<Pattern>%d{HH:mm:ss.SSS} %p [%t] %logger{36} - %msg%n</Pattern>
		</layout>
	</appender>

	<appender name="FILE-ROLLING"
		class="ch.qos.logback.core.rolling.RollingFileAppender">
		<file>${LOGS}/${SERVICE_NAME}.log</file>
		<encoder
			class="ch.qos.logback.classic.encoder.PatternLayoutEncoder">
			<Pattern>%d{HH:mm:ss.SSS} %p [%t] %logger{36} - %msg%n</Pattern>
		</encoder>

		<rollingPolicy
			class="ch.qos.logback.core.rolling.TimeBasedRollingPolicy">
			<!-- rollover daily and when the file reaches 10 MegaBytes -->
			<fileNamePattern>${LOGS}/archived/${SERVICE_NAME}.%d{yyyy-MM-dd}.%i.log.zip
			</fileNamePattern>
			<timeBasedFileNamingAndTriggeringPolicy
				class="ch.qos.logback.core.rolling.SizeAndTimeBasedFNATP">
				<maxFileSize>10MB</maxFileSize>
			</timeBasedFileNamingAndTriggeringPolicy>
			<!-- keep 30 days' worth of history -->
			<maxHistory>30</maxHistory>
		</rollingPolicy>
	</appender>
	
	<!-- LOG everything at INFO level -->
	<root level="info">
		<appender-ref ref="FILE-ROLLING" />
		<appender-ref ref="CONSOLE" />
	</root>


	<springProfile name="local | dev">
		<logger name="com.chc.arena.translationservice" level="DEBUG"
			additivity="false">
			<appender-ref ref="FILE-ROLLING" />
			<appender-ref ref="CONSOLE" />
		</logger>
		<logger name="org.springframework" level="DEBUG"
			additivity="false">
			<appender-ref ref="CONSOLE" />
		</logger>
		<root level="DEBUG">
			<appender-ref ref="CONSOLE" />
			<appender-ref ref="FILE-ROLLING" />
		</root>
	</springProfile>

	<springProfile name="prod">
		<logger name="com.chc.arena.translationservice" level="trace"
			additivity="false">
			<appender-ref ref="FILE-ROLLING" />
			<appender-ref ref="CONSOLE" />
		</logger>
		<root level="INFO">
			<appender-ref ref="FILE-ROLLING" />
		</root>
	</springProfile>

</configuration>